date,daily_generation_mwh,peak_demand_mwh,grid_frequency_hz,system_voltage_kv
01/01/2023,4299.342830602247,5643.862080878962,49.70648816671549,326.46045019183543
02/01/2023,4294.237923777238,5924.321369528417,49.829050121528375,341.1627856547255
03/01/2023,3223.7536196865417,4772.658154341291,50.098852620671906,336.32319125304844
04/01/2023,4583.530596699778,6366.377205114856,49.5448478909985,334.002275944431
05/01/2023,4106.535711406476,6218.638927683502,50.22517375025653,324.9131658109494
06/01/2023,4029.983135376727,6156.611622457314,49.875141678534426,335.5509167290343
07/01/2023,,,49.66097919828789,328.14400979850365
08/01/2023,4385.713742862032,6377.51344137143,49.86499614260126,336.86708414888676
09/01/2023,4260.1799151733585,6188.623486910495,50.37714476505877,322.54601962323034
10/01/2023,4496.112334894436,6343.04438316439,49.839399473895135,327.26146538430686
11/01/2023,4218.30751350479,6664.408954750149,50.10753608546288,315.1506331117198
12/01/2023,4092.2121041110154,6335.775148868388,49.78071311728536,329.47488584990646
13/01/2023,4157.109274980766,6273.754733917043,50.227376554977084,317.83498704556735
14/01/2023,3759.5223949282527,5693.0372087085725,50.20565232163706,313.2893032475701
15/01/2023,3641.9887494267186,5239.0548746135555,50.55458264998892,333.87991721783084
16/01/2023,4006.3823406144743,6315.253898336019,49.94733081635024,333.1910966378649
17/01/2023,4216.49328673295,6360.0683595555,50.20059644142737,341.7431060242286
18/01/2023,4405.16168875772,6690.094028775876,50.02942026186168,323.53311645637353
19/01/2023,4034.9259777263806,6288.461474782919,50.3887615345589,336.12079270255134
20/01/2023,3857.270012509268,5331.601453117165,49.78435028371738,338.26196358410493
21/01/2023,4466.152997182752,6887.349537210559,50.22350159386318,336.6716071174739
22/01/2023,4249.440727240536,5773.171956356992,49.94159081116499,317.61519475796786
23/01/2023,4429.642931654443,6217.4582724803695,49.98074354686745,332.24045223406785
24/01/2023,4164.385831731637,5832.985007473834,50.027525745334515,335.4621044408199
25/01/2023,4263.501727792884,6794.135753680682,50.075672118928004,330.10767700361913
26/01/2023,4268.561407721049,6645.984351307444,49.965131287063414,298.7028351244337
27/01/2023,3939.1482001109293,5949.496259620799,50.064413954951156,332.4073443596022
28/01/2023,4277.539163273107,6493.805043774744,50.473435417268654,363.18796559095864
29/01/2023,4203.59487753367,6173.491236599277,50.295634905684565,324.59941096864526
30/01/2023,4386.665713487382,6949.036474624248,50.26074637774907,319.0788435321702
31/01/2023,3818.9667336366197,5533.215454287726,49.86333814219284,335.60022839567097
01/02/2023,4771.153179555189,6747.1516178185875,49.7332277515315,334.6856731569986
02/02/2023,4271.708429819102,5762.152785703555,50.286590167471324,347.8910274812462
03/02/2023,3985.537987062215,6121.235130999722,50.262814037758936,311.1319776613667
04/02/2023,4394.334717014418,6680.852872644849,50.441801202725294,340.97070378862486
05/02/2023,3590.6822266409235,5081.915936297751,49.818805812209234,338.85633091877196
06/02/2023,4513.561496010035,5901.743551772871,49.9311354033919,327.8678019458918
07/02/2023,4112.4491955368085,6381.284119827291,49.50815475124237,335.0803097688254
08/02/2023,4161.166494314267,5423.770081663065,49.88225866818174,345.44186222397536
09/02/2023,4339.533847824753,6557.512705894305,50.29897115317383,343.08473070042675
10/02/2023,4370.166011219683,6953.271207506307,49.86005138623154,312.8547103188941
11/02/2023,4289.122048753627,6139.013519113892,50.19214393856025,342.30237280133224
12/02/2023,4352.347030364898,5964.856879909027,49.94284906820066,329.02967092451223
13/02/2023,4435.825425066613,6704.5784769094425,50.09721710846647,331.0931114702327
14/02/2023,4232.541029879792,6539.861855168852,49.6556925830553,331.09795486502543
15/02/2023,3656.3338809165257,5352.6135486620915,50.025562834890174,327.7463551680261
16/02/2023,4231.081192172887,6727.886979415957,49.10265920872978,347.87561245660595
17/02/2023,3205.3034992665666,4216.5787293464045,49.94393115255141,328.74423060226184
18/02/2023,4345.77267256967,6307.6225492441545,49.51085802688546,313.2068080742525
19/02/2023,4044.634280167926,6129.789603437129,50.361798354964044,324.09705216045404
20/02/2023,4582.18599851876,7142.675524671006,50.23322220582936,332.68042075215715
21/02/2023,3482.974016826835,4715.169013468454,50.14000129458982,348.43822176445576
22/02/2023,4335.293765442742,6676.356927122338,50.45630186814781,339.0464202742325
23/02/2023,4465.495298037162,6545.577141792221,49.71532504375255,317.24197081879436
24/02/2023,4470.78000302843,6343.885285407366,50.52420895937467,367.27784875018335
25/02/2023,4482.306032853874,6004.1139628753135,50.27965746927811,333.9716296646697
26/02/2023,4247.914529839348,6624.999616854413,49.92903341383432,349.1308610699852
27/02/2023,4473.5505583973745,6026.686620398581,50.340686044154886,327.72428349634157
28/02/2023,4632.8965728805215,6453.330078119627,49.66811194627651,338.00038867058174
01/03/2023,4296.59204290259,5959.431853186144,49.7526457515417,342.5920275677761
02/03/2023,3917.0804629288864,6116.224268342865,49.81742308302809,348.27292067631384
03/03/2023,4243.441266724595,6372.846340504544,49.8413066875808,345.86052458067337
04/03/2023,4090.2531916321363,6294.917737394566,49.683032707171925,343.08295500109466
05/03/2023,4191.45838022167,5763.843626299272,50.3669249201286,325.27369903208836
06/03/2023,4712.305797636224,7009.376889638325,49.92234367988905,321.42380937065906
07/03/2023,4851.760015080947,7139.480309545226,50.10575149050706,334.98911265486294
08/03/2023,4486.620296830714,6953.584487574557,49.8288945900759,343.996921085116
09/03/2023,4573.150086399249,7188.196747996559,49.45381900983544,326.6591894883509
10/03/2023,4365.119130524641,5690.574596404441,50.08101720751743,345.9775794857158
11/03/2023,4194.155612604447,6300.48562434407,49.426323507374065,351.7892511822927
12/03/2023,4514.0741253649985,5938.493554846694,49.97940978617436,316.2551862138987
13/03/2023,4867.934743456926,7129.85761598724,49.589505488350156,317.4461894430558
14/03/2023,4583.300840438906,6353.783291199665,50.596182799769245,327.89437411641995
15/03/2023,4823.328246918983,6714.2319923853465,50.27340881665241,334.61419002283793
16/03/2023,3857.29092108651,5422.91728667858,50.03172613738145,322.13149479349426
17/03/2023,4465.384358798503,6637.292541705778,50.3791120032964,350.2830401830072
18/03/2023,4348.212836957448,6088.432792716524,49.74610520676028,336.3610029227768
19/03/2023,3461.429608871226,5260.714347964104,50.16304381360103,330.5917057236111
20/03/2023,4585.1172882016335,6517.094127405851,50.05994313011561,308.4613571419721
21/03/2023,4198.792235125915,5544.530171675928,50.0792060244001,310.26276275358737
22/03/2023,4471.704507943258,6864.63858656056,50.38170605003203,334.2151387542271
23/03/2023,3140.0263415551563,4351.220843983632,50.21974763083394,298.01106560767744
24/03/2023,4600.61294798991,6578.09470531055,50.086617098847505,345.18956114466107
25/03/2023,4230.5715304464775,6369.688803003598,49.50353376913151,327.6276923344152
26/03/2023,4289.940544986469,6004.787852877205,49.71198611141616,378.646394543921
27/03/2023,4468.61334325573,5885.055171660677,49.96318731992128,364.6187437592417
28/03/2023,4780.972021540609,6751.575447212821,50.028011712282996,327.2782639612872
29/03/2023,4582.359041855306,7255.407505154898,49.660938882597826,328.4049449620303
30/03/2023,4280.276846643439,6388.4001653719815,50.723503002673525,344.93372271003045
31/03/2023,3545.309219187201,5323.082349821908,50.45491821657607,355.54758914877056
01/04/2023,4352.756269600221,6484.234183001057,50.180635496117745,305.42956413845974
02/04/2023,4643.863206328802,6314.249849966162,50.021611058385126,303.2043680196797
03/04/2023,4426.428142287045,6309.874021653365,49.93633730902965,320.6694779166843
04/04/2023,4529.611737604339,6908.934976355858,49.71442446199333,338.74106374760794
05/04/2023,4434.817995601644,5900.134499382647,50.02324415555566,337.45310385761394
06/04/2023,4089.534803245012,5657.281823617653,50.077325762042825,346.04657182475773
07/04/2023,6095.840437909526,8429.911727828363,49.627471827355514,312.0045370745204
08/04/2023,4380.317240464475,6262.126399628574,50.10025292517347,295.2578420554669
09/04/2023,4445.30111597173,7086.301728215477,49.95342228535257,342.87021292953216
10/04/2023,4513.444939550745,5958.879129737034,49.42765773263678,317.5770559055215
11/04/2023,4304.973794938947,6266.364189885802,49.74188449676615,299.7226820341704
12/04/2023,4421.395475550286,5985.726776272064,49.87591833997351,332.1759561893907
13/04/2023,4305.362090462103,6850.704917813083,50.566306297202054,341.89763532328016
14/04/2023,4130.751110657667,5510.385017253281,50.166965937360125,328.1691430181808
15/04/2023,4286.284999116442,6091.155175466629,49.599355529270035,323.13227420726264
16/04/2023,4514.911383776284,6868.830394293376,50.14581088682529,327.6095665178114
17/04/2023,4926.811045738707,7446.216320959241,49.53580880331849,324.44125856398824
18/04/2023,4345.3661747674505,6200.049243157019,50.32480731616612,309.7792933208975
19/04/2023,4545.029901916595,6381.027684016136,49.858662604454636,319.2797898451435
20/04/2023,6371.745626553945,9043.314794752518,49.97190914337825,337.8191985752072
21/04/2023,3894.241071513831,5371.260036433552,50.39773899426266,334.8251781206475
22/04/2023,4299.428927748859,5854.101919022226,49.61385092942473,332.5208970895023
23/04/2023,4431.740582863135,6403.474746963776,49.5808645444661,315.0727727721993
24/04/2023,5027.222515959476,6940.3829541867935,49.8249202020962,327.277452567965
25/04/2023,4522.58845710432,6269.386236492904,50.311513655305795,297.3440243033572
26/04/2023,4537.653418522037,6792.9888630467685,49.544196177356945,332.67714995828084
27/04/2023,4337.594830383966,6899.210036403756,49.15035332056683,351.4328656172035
28/04/2023,4026.922357305129,5964.239106086756,49.8646523424773,307.8880180193684
29/04/2023,4515.384093506696,5974.276879892236,50.16552223997328,321.2110849002337
30/04/2023,4551.598323874146,6020.285696075547,50.36007852492165,334.93660168065196
01/05/2023,4673.7313483133385,7409.8597126410905,49.86105159137438,348.79263951641224
02/05/2023,4359.572221618108,6056.262089453565,49.8765720178652,323.27663075549776
03/05/2023,4355.708526853745,5782.726171806217,50.346170220276726,319.61624506101157
04/05/2023,4043.4466172248876,5983.142045236381,49.43907749009137,300.46615286375874
05/05/2023,4017.749129092417,5974.773168570722,49.883443767445094,331.55157193962157
06/05/2023,4703.10089593245,7029.0262448672,50.057127166977516,360.63114060215617
07/05/2023,4180.757898700623,5770.368210339003,50.13476561638551,334.16037692947015
08/05/2023,4379.3875507875355,5713.056478723623,49.847057992042735,329.6658153122443
09/05/2023,4537.976457439716,7213.134502967197,50.01033230351175,334.83123466150477
10/05/2023,4332.55735767233,5958.427118303371,49.253501793976106,329.833619940771
11/05/2023,3199.8279545515106,4808.726685273634,49.80252547629985,317.8047844160981
12/05/2023,4228.157798626236,6392.9279167350805,50.13605261376634,342.3491987351656
13/05/2023,4027.10235159845,5972.201748221973,49.705311789723595,333.38642284667634
14/05/2023,4447.641822057872,6199.444372555965,50.01769526647688,330.26419877900486
15/05/2023,,,50.13406175024081,315.3695095908262
16/05/2023,3625.06604581415,5362.561959044081,49.89723523974267,349.55261897902136
17/05/2023,4249.214428557969,6628.046575981517,50.051139131298974,339.97054117999664
18/05/2023,3840.258855329231,6083.047287769081,49.71118023041462,321.70618743949046
19/05/2023,4348.83218635659,5791.651813537481,49.93801661609118,345.02737280522905
20/05/2023,3964.6200536244637,5338.157056425735,50.18306485087677,322.5364374242219
21/05/2023,4369.198817417762,6918.280626037105,50.04709188829053,318.2699476123344
22/05/2023,4697.989906416812,7145.4573988730335,49.82404061913082,318.60445323779567
23/05/2023,4139.550734707915,6477.975276015281,50.06726492128724,303.43397170367865
24/05/2023,4412.282012569283,6004.188314366541,50.21438293719098,337.0731357062731
25/05/2023,4292.575268382009,6337.024822409087,49.38501761642676,302.53282682492477
26/05/2023,4311.160551701145,6511.326325417995,50.34772221948677,311.57334253101357
27/05/2023,3931.670711141919,5913.364718577906,49.89912357839568,298.866179863822
28/05/2023,4027.492412548962,5728.888487754048,50.12764697997207,328.7089546081366
29/05/2023,4508.443923805677,5881.799202718378,50.35917407709357,327.74519309592193
30/05/2023,4487.564417419669,6618.60921179604,49.58849789083086,325.0995568022045
31/05/2023,4392.208364563474,6043.373283173087,49.787167699271734,314.36133457994134
01/06/2023,4276.286072309119,6136.79668253552,49.913435391237286,312.4164936984504
02/06/2023,3984.8407416578843,6325.035316858483,49.76487394366267,336.9655479531986
03/06/2023,4191.222212756246,5950.3225826762855,50.520480972751045,321.7417210243727
04/06/2023,4315.578785318061,6697.521420192586,49.742968371851966,334.7453748230422
05/06/2023,4226.244939968154,5733.164056266492,49.83333596615394,316.7212697081367
06/06/2023,4766.070272306578,7157.389550679821,50.06131670948089,332.71594114156625
07/06/2023,4401.321849780585,7011.755021502672,49.63935514217717,349.54917055974096
08/06/2023,3932.888184870769,5232.974892094905,49.88129578647312,338.79248700589176
09/06/2023,4216.0253302251995,5491.356055445515,50.09523597837505,323.8137927267528
10/06/2023,3547.3451024297456,5072.968971941604,49.90014187868525,333.85798455533893
11/06/2023,3431.1617491775673,4555.8541782643215,49.97198394233001,326.3900223820468
12/06/2023,4563.910408685233,6957.751268246147,49.84120036626549,330.1182027704209
13/06/2023,4191.61019933114,6599.122711282169,49.54565890724577,325.11583421777243
14/06/2023,4461.826885298616,6381.33288433282,50.096477963401775,327.53497191171914
15/06/2023,4216.076511397605,5808.123888131884,50.52647992149417,333.18140029611266
16/06/2023,4211.2831436218,6023.48669916811,50.00552048923503,315.09961950627076
17/06/2023,348.3764032631061,528.4989688613758,50.067579235174264,314.7618175951503
18/06/2023,4132.974236423158,5384.092692313331,50.20781682653506,309.1718616925318
19/06/2023,4143.016450841862,6118.5566587292615,49.61920085103599,305.99593343244436
20/06/2023,,,50.51075439743888,311.7407596166928
21/06/2023,4067.2237406756326,6065.477095955815,50.06069863892684,332.39193760206194
22/06/2023,4079.1804976247486,5599.110171507945,50.489557069726736,316.60818726762176
23/06/2023,4076.0387914696653,6172.002408803706,49.7800901013428,337.7042169634664
24/06/2023,4086.460730818336,5424.439266071614,50.54541857676735,330.52070623128844
25/06/2023,6364.685463786317,8654.579007084429,50.23254664821044,300.4724367984292
26/06/2023,4256.934446717907,6654.614521003269,50.16591202575571,339.8246337633253
27/06/2023,4568.3207258340335,6951.234227619521,50.07020733630594,342.16197968387564
28/06/2023,4137.832891414738,5396.2458004888185,49.92544141457766,315.0920598774772
29/06/2023,4598.933063879205,6321.292721872171,50.36015949754216,336.30287314342485
30/06/2023,4093.170815640786,5584.402767994562,50.04210796095441,317.152526438862
01/07/2023,3568.923538639472,4929.546723794417,49.40987908892385,331.46505565122504
02/07/2023,3888.6775720571213,5344.0848816035605,49.6648440614879,311.0325238956755
03/07/2023,3341.9961420074287,4407.283776353639,49.94424627434218,303.10340321198134
04/07/2023,4192.979179885744,6028.17134312041,50.09299969494967,324.2577421558055
05/07/2023,3630.4269523991816,5517.595644855576,49.983023453330034,328.14406580587746
06/07/2023,4109.583172618163,6090.482470261324,50.3656912369381,324.03480459578094
07/07/2023,3913.513333446655,5877.555007507777,49.414669440788415,312.2395416266616
08/07/2023,3471.430533150081,4597.37081392833,50.04307638095155,324.0015140680329
09/07/2023,512.2526869702228,812.1495949358692,49.45460623238385,334.039421288711
10/07/2023,4085.237689679931,6338.4405292152205,50.22791368864525,329.3266045481619
11/07/2023,4369.12165236943,6735.119410875979,49.9716623856674,332.7375154589882
12/07/2023,,,50.125882991607234,319.9482719931865
13/07/2023,2628.868963581279,4153.121764706565,49.74083511182307,347.5757687207424
14/07/2023,3923.093761541877,5740.569691750962,50.383839479497325,312.3573999516783
15/07/2023,3988.883163875128,5425.2185837674,50.312517399217654,337.31340445630076
16/07/2023,3846.739551416616,5712.543186539144,50.175063290903566,347.7283663943994
17/07/2023,4165.9678839355765,6344.204382373467,49.96114482594097,337.21362139123346
18/07/2023,4170.288132013139,6344.5730159901905,50.17395718558854,326.9621365940275
19/07/2023,3843.378202851334,5597.6294077210605,49.7879322296038,322.0755443000553
20/07/2023,4007.872024324087,5292.545767432744,50.256666697706216,345.54131476569387
21/07/2023,3961.8486198642563,5591.491190703485,50.49484426829718,308.6553761210749
22/07/2023,4089.8280500906435,6446.509595981917,50.32118316799376,315.44813609430537
23/07/2023,4195.843839893432,6190.273899182901,49.781119259057775,324.0366335176242
24/07/2023,3821.445907642047,5585.041600386922,50.10842519518193,348.56480636268
25/07/2023,3933.0330221597724,5430.165853864367,49.612057536872406,335.69651454061346
26/07/2023,4137.135818983661,5835.573531894576,50.171717093352704,315.4793136223463
27/07/2023,3481.7550524191356,5461.494299016705,50.13518102385876,325.34538441922643
28/07/2023,3915.297645703343,5872.707299693375,49.43905509814035,320.7851528385556
29/07/2023,4606.595392510387,7076.726045131428,49.65146484682629,319.353165116497
30/07/2023,4062.3376009354115,5834.750229998228,49.91505833097687,344.6833433783517
31/07/2023,4287.42356,6384.291661,49.90974207585775,309.4238530610474
01/08/2023,4274.993343831664,5876.042829209394,49.637156919374355,354.1317128360156
02/08/2023,4128.275938327939,6240.459811153971,50.116693618805655,342.42344535276936
03/08/2023,3799.7845989269413,5427.157867290992,50.07544208268215,346.36292505905544
04/08/2023,3928.527423644718,5628.651308086343,49.941719260406444,323.0559073196211
05/08/2023,3646.2319387765233,5450.375459939333,49.77326254995249,327.75088921381337
06/08/2023,3865.855390339902,6111.469653654806,50.31461213792497,308.5027227821293
07/08/2023,3928.6182776385645,5182.640711881583,50.496622133926486,322.13006389399794
08/08/2023,6327.973781777457,9792.051991099732,49.85493155484604,337.40482271464725
09/08/2023,4426.97911002938,6143.385019614251,49.816349924853554,349.44094592672093
10/08/2023,3455.7831302140576,4952.744877895365,50.1473622996236,313.3926477479632
11/08/2023,3880.74017125244,5070.4742032070835,49.892591186075904,324.517410945221
12/08/2023,2973.0707053316846,4133.50129942045,49.95818083980103,327.73051169651217
13/08/2023,3786.326993651989,5493.162964294578,50.2218959455174,309.0631619671127
14/08/2023,4211.35801126674,5545.738686660365,49.42719317374781,338.870238626376
15/08/2023,4031.0275513649053,5834.221941424731,50.3954906974558,319.14014502386084
16/08/2023,3717.1656755718477,5866.182520358515,50.0218041572988,327.0691447323446
17/08/2023,3655.250107398905,4867.396711160878,49.87655205663135,323.2207594213218
18/08/2023,3848.8978368020794,5886.243467238668,49.97322975373356,318.15992241420486
19/08/2023,3591.7572878001483,5110.716171609389,49.98872880650615,329.8943252177917
20/08/2023,3894.349772196063,5828.097385626894,49.48063960896652,326.76585632147965
21/08/2023,3973.465754420131,5475.717843788502,50.44848146823597,324.42213176582004
22/08/2023,3859.081300592236,5201.453773158658,50.01239768968119,319.07307567479484
23/08/2023,4333.186988240394,5841.737438390247,50.13290063913421,334.79287006174434
24/08/2023,2759.757989789677,3646.0475997879266,50.285464931172214,354.80425902738426
25/08/2023,3280.56236821327,4447.438756841795,49.69365126273191,332.0983084925869
26/08/2023,3748.209142988766,5619.561837415204,50.14204156971057,344.9417732236669
27/08/2023,3692.270332708435,5776.583459142166,49.91970767273036,309.1466711226981
28/08/2023,4108.896225602684,6345.112480291007,50.25403123256495,332.3664215894065
29/08/2023,,,49.36183177389455,313.539475215434
30/08/2023,,,49.97027170992762,307.8461260870215
31/08/2023,3847.0155042774813,5334.872732423605,49.81915380326481,318.90942888811446
01/09/2023,,,50.129678885190245,347.8784900162036
02/09/2023,3447.455470468857,4740.206744281565,50.141013256210464,344.2502374300447
03/09/2023,3157.788563642808,4593.008827468456,49.78771223155339,333.645070830816
04/09/2023,3821.073942801218,5581.313343742934,49.78634784074719,307.00949160165106
05/09/2023,3811.4790873386337,5363.001842818967,49.9668003894328,327.05579022918096
06/09/2023,4211.276257267545,5921.6302997274315,49.731007331805436,334.525500133526
07/09/2023,3806.2940361319115,5894.300116245574,50.25259510863564,332.63304344367896
08/09/2023,2433.912312307891,3740.4068804628128,49.889237839865764,302.3430962477888
09/09/2023,3851.47620380748,5362.559561354581,49.127903534203504,316.64523227970193
10/09/2023,4207.131868310309,6622.599973737265,49.88755338301346,329.0388335377693
11/09/2023,5957.005438299531,9446.884341182607,49.68843685374681,338.04436364275784
12/09/2023,3620.3587684275635,5061.343967072864,49.510617255361716,297.0580826835008
13/09/2023,3744.001244893472,5265.291853212265,49.628772008533225,327.56814036780213
14/09/2023,,,50.03282254154989,332.1457315481843
15/09/2023,3483.789657144563,5512.5266401364215,50.39859224847447,342.7441798277432
16/09/2023,3068.1582035799493,4795.211661979569,50.0939553421595,340.39286376356154
17/09/2023,2983.2024862959306,3969.957532482812,49.81804898353528,338.73856978213206
18/09/2023,3697.7874156412113,5242.794080394914,50.136771258551214,318.000892399471
19/09/2023,3215.1930944931205,4713.509591233529,49.8622729069343,301.3799679431504
20/09/2023,3179.383341524555,4613.09364452505,49.79161988925106,324.104208644079
21/09/2023,3491.0523562304184,4741.4038991316875,49.6536911995301,345.0244773781284
22/09/2023,3562.80520365837,5549.585823147975,49.47445135797449,350.9018179128665
23/09/2023,2650.7388654731158,3984.2784980491065,49.883022888032166,340.65823653446677
24/09/2023,4083.3946169307574,6334.866166215301,50.04741604697604,336.440112342026
25/09/2023,2825.2995129810383,4400.769256938823,49.97101289899553,335.6945947257895
26/09/2023,2743.896560323532,4183.088844252013,49.87520992161579,321.6582187985883
27/09/2023,3844.8357455246305,5504.894255031503,49.71627618179097,328.0490955966957
28/09/2023,3347.210787969972,4964.46262984527,50.18247385750549,355.03604288739496
29/09/2023,3318.4313175763978,4473.609188626401,49.604860424016024,315.8616299131219
30/09/2023,3866.453047964171,5807.774475646309,50.232808374153045,354.2216818606478
01/10/2023,3752.4825735116074,5080.020761087151,49.699334894321986,325.16957768261915
02/10/2023,3670.838783938388,5536.303540402759,49.77426942879409,349.8814816364262
03/10/2023,,,49.5599644428153,308.89777485753694
04/10/2023,3853.8866198980954,5145.961420707691,49.84957935593431,338.78856301746976
05/10/2023,3328.5565710121673,4492.171175041339,50.29259373754339,318.94844796078564
06/10/2023,3020.694751180175,3928.708466254194,50.154688426533184,308.77099212113717
07/10/2023,3554.010147084522,5386.535559698808,50.29352663360841,333.2780106361642
08/10/2023,3771.013439447816,5730.885731001609,50.156642763780184,345.14207682893954
09/10/2023,3998.061591709307,5815.100643795623,49.66889905144089,317.32587842109757
10/10/2023,4211.9422535849335,5679.420169637011,49.900763232701735,307.514760593124
11/10/2023,3566.2461352333835,4725.5125757722435,49.76594026126476,328.6223285349757
12/10/2023,4110.565530681829,5367.324450908783,50.39917247121171,328.68847006834227
13/10/2023,2967.6646640643908,4005.5295656575413,49.6409634060721,338.22479441331745
14/10/2023,3602.3014274038587,5645.730905209141,50.26810930681673,344.2439185704673
15/10/2023,3868.173030772582,5308.916829106886,50.26788616103263,329.1087722809126
16/10/2023,3924.6457001836757,5519.156242557201,50.548886060514825,357.83254972191395
17/10/2023,,,49.87709402221115,333.36352116802937
18/10/2023,,,50.21369664787405,324.8036024098965
19/10/2023,3589.9947494285084,5226.197219119623,50.68449555096165,305.82648961345757
20/10/2023,2496.065441963729,3699.9822154135854,49.814707496919894,326.0601071952575
21/10/2023,3808.418835600376,5231.265798669111,49.53948792574029,324.95419581883294
22/10/2023,3828.3503893994825,5043.1611864944325,49.43599698982767,344.4045719442221
23/10/2023,6466.555249988316,9165.112520816943,50.2138136086584,336.93725436100283
24/10/2023,4085.7048760182474,5598.482095195812,49.43505493758242,312.30946317551076
25/10/2023,3887.511352700566,5309.8202692364775,49.888304284118625,332.58381579616554
26/10/2023,3859.9637952116846,6129.463633828496,50.13119395611169,340.0729675759358
27/10/2023,3743.7468212783015,5559.052763202802,50.05555266104897,352.9204703908175
28/10/2023,3482.653452905869,5109.273878666273,50.12763345925525,343.3125595112109
29/10/2023,3655.4378811734236,5208.021264565837,50.066686956740256,341.4126998146722
30/10/2023,4036.0337383570536,5766.214000344512,50.383659743994016,330.90128991922745
31/10/2023,4039.5183311104206,5906.87253396153,49.71430508577836,335.82468008135174
01/11/2023,3834.089993190173,5785.369357382176,49.79690145846244,348.74257351059236
02/11/2023,3733.6304406401473,5640.185784376529,49.76820216641875,310.00833903780523
03/11/2023,3886.677431995442,5252.876312481038,50.249057543558784,324.75841009174565
04/11/2023,3544.0063000900936,5138.92901335161,50.27011957651852,318.4114687686564
05/11/2023,3891.301165036597,5539.607419093313,50.13536759579555,335.68729678089187
06/11/2023,3861.0781573995487,6027.753401086417,50.35504810006698,348.4533326347618
07/11/2023,3889.3782147809907,5792.939778191469,49.64658773978709,321.0453856991839
08/11/2023,2883.0327685185466,4208.510600928106,50.50016723346534,294.1454344879584
09/11/2023,3891.7581077933514,5194.011950420071,50.456971586513674,323.81668882463293
10/11/2023,3810.8671357365542,5646.528935031353,50.220686599173725,343.7021059802611
11/11/2023,3940.9417964749296,5261.79246659901,50.53453967263132,338.0644485442482
12/11/2023,3804.1062860569555,5330.169068016868,49.50301303769667,336.42279371715864
13/11/2023,4056.4230053887254,5447.178136667678,49.8426655591212,325.8001004718828
14/11/2023,3889.862098482401,5864.442042702696,49.77940896179541,310.8145389567032
15/11/2023,3938.576044534082,5363.850748301183,50.216443797127205,337.729414824367
16/11/2023,3720.5973210263564,5274.161797564994,49.684957778119355,317.4857728494806
17/11/2023,3687.9800423023516,5785.343266268553,50.22724854480125,362.76145100070687
18/11/2023,3501.786294160617,4766.963875726497,50.41116084319901,338.55760812531776
19/11/2023,3657.5844215390343,5312.061715335024,50.2085608700252,321.2902754616907
20/11/2023,4360.27549066475,6216.800122297926,50.08512530709845,320.82922128917056
21/11/2023,3772.9125956414973,4925.300501157554,49.70363799772978,328.6058369007962
22/11/2023,3653.5329562622146,5618.50321142564,49.74594471016239,326.4074711696737
23/11/2023,4001.2954523138255,5284.566009289222,50.374885671589,346.7525066329493
24/11/2023,3850.372208738994,5553.30137714807,50.2338047011716,332.79624254616067
25/11/2023,3849.4052075547365,5651.710154311429,49.98829414418674,319.0255239163721
26/11/2023,3971.155047213977,5911.175229874514,49.874627136270234,358.35661027733676
27/11/2023,3963.9929231052647,5972.1100715977045,49.39225763806659,330.7396249728033
28/11/2023,3819.687855566123,5255.82064648356,49.67874427439467,341.53259513953344
29/11/2023,3936.9241128257095,5129.787052606368,50.57342572614192,320.8766023883286
30/11/2023,3659.9946611956234,5552.333042122747,49.61586332869926,335.4467344161678
01/12/2023,3913.1697780705085,5715.955276288952,50.05684394636632,334.66664986714795
02/12/2023,3721.619492445755,5771.618922850003,50.30223319195856,301.6552606185577
03/12/2023,3258.4409289424793,5038.906845695028,49.62352319959931,360.2291266569096
04/12/2023,3929.2749385221705,6102.155532905484,50.055413142434325,349.3596669138382
05/12/2023,4109.151195708221,5939.8947450466685,50.281374661253196,324.04207025781017
06/12/2023,3836.7515478841833,5371.791791493001,50.00374979657217,313.4659538931622
07/12/2023,3659.013909372369,5625.6148241919645,50.86052091670003,335.21342420705327
08/12/2023,3795.2025436408244,5447.589076442699,49.49942022233654,331.30046549121596
09/12/2023,3828.6223097044854,5187.9082683232455,50.317618558965165,335.3350342284484
10/12/2023,3799.748796579124,5914.279386133399,49.94815947878106,332.87366094291133
11/12/2023,3928.471073908696,6147.145680149082,50.231576046451,337.5936148395889
12/12/2023,4102.351208530155,5906.946488584511,50.132392145509776,351.7095854908771
13/12/2023,3689.495752964572,4880.132625576955,49.780053140867004,338.5215480769297
14/12/2023,3571.8113305587995,5058.927216401923,50.068698917737805,314.25516751635087
15/12/2023,3632.8423075512083,5598.432681318498,49.442629564580514,350.4384427906868
16/12/2023,3767.2155233148637,5916.533315967783,50.18097425017142,354.6092184523243
17/12/2023,3993.7947026669276,5435.7216218042095,50.089447539797156,377.28085101768124
18/12/2023,4348.41536883504,5740.308704636678,50.19159805059293,313.14758950140606
19/12/2023,4258.3179452376635,6656.624482460352,50.31743549752615,333.6432301972541
20/12/2023,3978.138847380115,5636.312576128214,50.11028595206292,298.7685194521652
21/12/2023,3880.673581859125,5675.594894931561,50.04442682593948,338.29723734568813
22/12/2023,3607.3464490455153,5737.195014622271,49.73567949900161,321.7769955274984
23/12/2023,3837.6615110813495,5065.59583269936,49.78633377090529,358.8516869223743
24/12/2023,,,50.3560203860532,318.3807754497213
25/12/2023,4149.591637406374,5486.721301169226,50.43090062171179,304.6622544304911
26/12/2023,3953.150160115456,5584.38072455581,49.92856686910638,322.9310438894622
27/12/2023,3078.081421011085,4743.767832563938,50.01380082417598,300.36768343174293
28/12/2023,4223.01627451411,6039.089244911447,49.72861568750187,341.2664918176097
29/12/2023,3818.1667189308178,6105.839277523265,50.35182705358023,299.0237543061552
30/12/2023,3953.837028973718,5803.116928329867,50.19962504710753,330.4268637177474
31/12/2023,4133.412736700945,5771.685277386752,50.582365230939125,298.83282270215705
01/01/2024,4037.030627993041,5514.718665664648,49.73650307684608,325.19553293195037
02/01/2024,4195.673744830628,5895.576809098352,49.88659763029453,354.650672337068
03/01/2024,4076.831634099855,5755.507754895127,50.06943377675767,335.40971837153694
04/01/2024,3968.294723392671,5240.585977831543,50.193946861317734,317.04759592552597
05/01/2024,3717.607803620411,5245.069723048256,49.93529970873571,329.5319476659137
06/01/2024,3457.431528821003,4976.18285597918,49.73811167286389,330.2702530806667
07/01/2024,4127.242496250443,6260.289434530931,50.26442225867707,337.0894551876511
08/01/2024,4439.730240960659,6646.359839283567,50.21634060876367,309.4971245507876
09/01/2024,4374.89342203446,6617.593709492589,49.72511776983088,338.88850910771
10/01/2024,4537.080191719914,5909.5882578478895,50.406632840331646,289.4341255259584
11/01/2024,3827.356417754411,5225.490558696878,50.35105961275898,320.5517317145428
12/01/2024,4078.6655562095616,6111.901897926889,50.04028894917434,322.6758923632268
13/01/2024,3974.3496862722936,5743.717490229273,50.02387935871281,339.4999023910686
14/01/2024,3451.4835301786907,4492.430401359489,50.16621733133477,330.33946279015305
15/01/2024,3347.447006602534,5159.582063374149,49.741489078923124,308.9165541921557
16/01/2024,4046.6816288437826,6198.880408345502,50.00900944374922,315.22510311274476
17/01/2024,2935.277201168724,4298.789041265053,49.35428493661725,332.9802001432111
18/01/2024,3587.3679556414368,4735.106863868415,50.26293669365088,328.81398987203164
19/01/2024,3830.2231625348313,5860.067220440653,49.531552033267445,321.3131383554638
20/01/2024,3816.868684922655,5630.31672459216,50.4510259485287,322.7874931573203
21/01/2024,4120.376723063888,6323.080646457822,49.900963971810064,340.4425199573893
22/01/2024,3154.890787953308,4812.8619226936735,49.936499905420646,322.2346114069618
23/01/2024,4620.335923017105,7119.478495719426,49.81167982817465,328.6786313395639
24/01/2024,4358.263610651905,6343.027405598106,49.91358833782338,362.54904882120815
25/01/2024,3683.1840380252256,4943.191557098974,50.42555940354441,308.64476044674115
26/01/2024,3785.537329549766,5683.406029260231,49.253657403039476,302.2223590263801
27/01/2024,4096.695214353762,6088.271374416203,50.38308961582646,341.7538449719791
28/01/2024,3855.6276405700473,5870.871504200866,50.101407044330514,319.82035408058846
29/01/2024,4607.289091058507,6224.283090162739,49.637893505642836,325.2264370838607
30/01/2024,4509.856952047365,6126.607115885718,49.67740628208523,318.2826543280333
31/01/2024,4102.941739330304,6429.813773118233,50.50291790816246,326.1029978884873
01/02/2024,2637.4685383183946,4022.121954170302,49.71634793601718,353.9780716814451
02/02/2024,4264.025723640133,6705.046332360467,49.65399484682121,342.0319268792718
03/02/2024,4003.13666825994,6115.2500056144945,50.341194362709416,342.93335267830463
04/02/2024,500,739.5732958985452,49.14640737522809,293.7509043827892
05/02/2024,2916.675920520762,4364.046657551053,49.71862232703908,312.73269395170695
06/02/2024,3189.4042733045476,4996.9620753345125,50.064987492621384,287.4138201077186
07/02/2024,2961.1135750229805,4363.621408959965,49.69227419490792,317.8592876837587
08/02/2024,,,50.33024641952678,344.3505477957849
09/02/2024,3928.991880395439,5292.128168508797,50.31841128946194,337.7541977362256
10/02/2024,4176.007146147168,6022.538810566008,50.159601859646585,326.67730105571815
11/02/2024,3958.599029009318,5996.957411246837,50.1084983183741,329.6654957442292
12/02/2024,4264.275512208495,5890.170459963694,50.52835643746021,319.6667168613689
13/02/2024,4349.069754983921,5917.67594328059,49.99990589821647,333.07138323602675
14/02/2024,4349.976568805388,6064.511318178761,49.64543776237376,341.4881741922092
15/02/2024,4262.420378619067,5849.959651666575,50.13484217384969,305.7616981888429
16/02/2024,,,50.625814114861136,334.49471531756024
17/02/2024,3767.242230313907,5377.569710459214,49.69557215204424,343.98652306432
18/02/2024,4449.85910140588,6996.742873911075,49.8915611699918,323.77349566554943
19/02/2024,4086.3027510477905,5933.793345186251,50.12493381143044,340.51050918180874
20/02/2024,4196.63636178556,5692.217321296281,49.98382854529828,372.2198166670883
21/02/2024,4578.192198557861,6057.367187006067,49.705308925886804,328.4348581051966
22/02/2024,4163.647970627238,6282.30709809837,50.33655735686914,335.89960575007984
23/02/2024,4297.862851122114,6080.786683196728,50.696012216605176,318.9291437450791
24/02/2024,4107.048259268328,6351.7525446247,50.05883943770717,332.7187674390307
25/02/2024,4625.474316377238,6928.281647807038,49.7287795130792,336.90407437473453
26/02/2024,4049.2240977457636,6231.2393478163385,49.53531184248396,332.92263510405206
27/02/2024,4314.564668328872,5960.932700837577,50.077392794366354,314.70457020436714
28/02/2024,4230.247597629056,6377.976777449153,50.33116320299488,333.09542656988174
29/02/2024,4286.608989384368,5912.170829402511,50.14255032394861,351.9329390807645
01/03/2024,4352.239599833172,6884.026786748729,49.99927884772434,336.72953646771794
02/03/2024,3916.552834398404,5839.236733541261,49.823218504463206,344.4298078360776
03/03/2024,4366.0052008032335,6100.8528232304725,49.672350910184576,326.4448204498106
04/03/2024,4559.659324777923,6296.221805023067,50.250425397897466,341.24850359135564
05/03/2024,4027.0172003298294,5465.781753053902,50.274131486415676,334.1890175732479
06/03/2024,4062.7036808739877,6128.150899311199,49.53628106399278,315.73633905469154
07/03/2024,3763.01076385949,5138.822754797936,50.476951693454204,334.7778150719831
08/03/2024,4037.405513972292,5969.671374666387,50.172221366268204,315.12455004839535
09/03/2024,4265.264841131377,5883.465836293764,50.41987839354374,320.5067958767281
10/03/2024,4540.925696314877,6804.9889426824175,49.597361675454465,332.8399246093856
11/03/2024,4373.888682717474,6755.391984260811,49.59025275337537,334.45866410070187
12/03/2024,4715.015003735061,7230.039713269078,49.95530920706981,312.16151302384304
13/03/2024,4033.289130658281,6163.895890782769,50.15083532806856,345.8097865677431
14/03/2024,3210.3398895269165,4354.237674530529,50.53890824687809,338.5800941745071
15/03/2024,3194.0873799601263,4237.006367070673,50.21182367414454,319.4290734658367
16/03/2024,4206.781412168387,6350.9133177401845,49.92719561695639,306.93622805326237
17/03/2024,4241.539196061192,5982.708698400152,49.69208923770023,327.8264313137785
18/03/2024,3952.613698095766,5651.067092565061,50.36900017181574,323.3108442920826
19/03/2024,4377.905589449045,5732.187602517695,49.710588372274785,331.69710685579537
20/03/2024,4054.2554919854815,5586.248913100164,50.488540566431695,324.5532500826665
21/03/2024,4319.408273541504,5658.869396859501,49.91468460511805,299.88814708882484
22/03/2024,4178.039045773888,6533.432505431122,50.47717462178535,324.1747959254826
23/03/2024,3946.022646233201,5417.964087302673,50.203679387017786,325.4157133339753
24/03/2024,3529.9946940967916,5179.212277750522,49.95890135316726,339.5049153716109
25/03/2024,4157.071283557521,5452.804612996668,49.84418108845216,319.5270048808343
26/03/2024,4385.393396975072,6578.32786005416,49.897727636796176,355.1801201005885
27/03/2024,436.2551335978551,609.4083750405255,50.12849500771257,301.32539174022367
28/03/2024,500,784.6878780436499,49.028707319884056,281.0313057505518
29/03/2024,2535.0907269848517,3971.0560006502837,49.82185657757939,326.63521543682845
30/03/2024,,,49.95031057690471,342.8937730851533
31/03/2024,3375.9528262111867,5301.219118708143,50.02357310891575,331.197022260881
01/04/2024,3412.9680096097704,5456.814694146289,49.36137977167556,347.09333304038205
02/04/2024,4188.75476103571,6482.620327226215,50.13745043443661,324.18957053170783
03/04/2024,4203.25767989482,6529.598578155842,49.706083632584956,313.52069362233283
04/04/2024,3943.498925975039,5421.138308788931,49.65400027903828,351.3075643090659
05/04/2024,4494.026193495073,6619.748757439055,49.493796695866784,328.29779031176787
06/04/2024,4136.172918824363,5460.479421466454,49.46183225063963,333.32337710436315
07/04/2024,4105.435806800186,5453.970397800826,49.593365749066315,348.52127871067194
08/04/2024,4404.349129160284,7045.495409688409,49.787293712710856,314.52067136858346
09/04/2024,4366.861220744679,6104.8360684154295,50.58597774125797,338.9323634645889
10/04/2024,4262.697397482752,6498.291101146303,49.84223609723144,321.1515786530566
11/04/2024,3219.1078109423984,4963.862686128985,50.05332503188041,328.0174596653344
12/04/2024,3657.9860611620065,5696.973029159731,50.1201444159519,331.08418448076435
13/04/2024,5854.919071421987,9363.704676243624,50.03931955586476,307.49667207829594
14/04/2024,4120.653215690908,5655.38616096371,49.976766961782204,318.3174443576935
15/04/2024,711.7230542937607,933.8555547026483,49.13896302197328,282.4434163867348
16/04/2024,2741.1522323996332,3901.6394663679193,50.43527826448376,343.29286782877193
17/04/2024,2994.8574175623985,4010.18656050673,50.54215899309136,329.0604063400915
18/04/2024,2792.7319870275105,3649.340432535885,49.49520239176319,333.6468518776934
19/04/2024,4409.132627464858,6208.623320713265,49.69279142273409,325.58636241545315
20/04/2024,4057.1525711194313,6228.222040585623,49.9160568972869,350.3487507874197
21/04/2024,4337.317817820054,6375.224843212924,49.71063866152694,326.99471133308754
22/04/2024,4399.219294153841,6131.778771876242,50.15178966603676,333.4776313820227
23/04/2024,,,49.781518339278016,347.19045216213095
24/04/2024,4503.819006387825,6168.455075394873,50.64951682034198,318.3394277273114
25/04/2024,4121.595310023904,5375.8562532356955,50.35716457830308,353.3818377674534
26/04/2024,3872.2724702452897,5921.889584069838,50.063772209189665,307.04307885384935
27/04/2024,3768.3331652345923,5603.974640788605,50.30809587899592,354.444631966692
28/04/2024,4244.78698014734,6488.966750815689,50.331770127307195,324.40986624072036
29/04/2024,3105.7735335604953,4073.7853921320107,49.83081575358253,326.3595187826208
30/04/2024,4060.038681442266,6297.671706871046,49.75513482663741,301.64984743225585
01/05/2024,4130.978509768911,6138.046888276214,50.02344291889089,323.1780792393346
02/05/2024,3910.7011617559724,5744.892766050715,50.258490837349385,314.40290203459676
03/05/2024,4380.088530838216,6514.874538593748,50.04171811959603,320.8853048193979
04/05/2024,,,49.5269010553427,327.9403355131668
05/05/2024,4180.6899648773315,6171.036823237826,49.75915266681475,344.3668742170936
06/05/2024,4592.12871387497,6770.107004283786,49.97780814092169,333.1140502710094
07/05/2024,4337.085222694684,6927.208769265556,49.97730031870225,334.6151498010167
08/05/2024,4064.632718196891,6206.771592430009,50.591762653036945,313.56720916731655
09/05/2024,4407.7121822142335,6314.876975199962,49.5842036172803,316.78868865595905
10/05/2024,3541.2998510127336,5355.221273563592,50.151676772550765,356.9808752752697
11/05/2024,3835.9604372568065,5434.6703755492,50.44673393249849,318.9719844785513
12/05/2024,4118.770081097155,5637.206727578594,50.68143492362684,354.84312378085946
13/05/2024,4095.074407624086,6056.842583766952,49.87868077304481,326.354082016787
14/05/2024,4018.6211863547383,6343.211215543935,50.14742883581606,330.03431904215256
15/05/2024,4395.212733860189,6938.906308989657,50.1709281071596,346.05547740344895
16/05/2024,4457.583293383978,6252.079658080023,50.058644519465986,349.0783863290799
17/05/2024,3710.653888290367,5411.258587317099,49.97034643962821,328.33781159581366
18/05/2024,4127.687054677835,5628.063198730763,50.130792616850016,324.1763541971769
19/05/2024,3997.9391254570933,6391.462633250574,49.240326174434095,329.1611932721668
20/05/2024,4143.556476114198,6606.218657241797,50.20462084701879,335.0693629234818
21/05/2024,,,50.03785337109859,343.36955530304635
22/05/2024,4007.092601724559,6176.228870418973,49.93325753096652,330.06344788491225
23/05/2024,4054.8944447165195,6141.259479553024,50.61405865871587,339.2832944703473
24/05/2024,3793.252060290477,5606.227269312528,49.797519794362834,354.57539598406413
25/05/2024,4037.85180695872,5313.830740858111,49.87907720328049,335.71964418397175
26/05/2024,4086.287953797909,5869.6637563742115,50.59746599066142,334.6747928400717
27/05/2024,4161.068848162739,6251.739180946284,49.75038160854504,307.216337623649
28/05/2024,3467.9477986013258,5213.225418836942,49.834965415119036,290.53904794756403
29/05/2024,4031.656590699728,5692.444247020169,49.955892372970744,335.82563593845254
30/05/2024,4163.0229179241815,6588.015389926317,50.252220344638864,328.5776365307869
31/05/2024,4026.0232419749636,5435.965205015424,50.06234075220599,322.27825987627887
01/06/2024,3754.299101470939,5444.138537714094,49.61221239585432,333.6529530627952
02/06/2024,4081.912656780087,6152.524868288922,49.840349431061846,329.0939440620464
03/06/2024,4324.516437702887,6526.303944580866,49.81779367003634,346.9167037595085
04/06/2024,2727.7750902288776,4076.9099739453477,49.97683368643309,331.29166302388467
05/06/2024,4220.430782593974,5835.110472413426,50.12775309758895,318.7961507239475
06/06/2024,3843.865392073794,5177.156116712663,50.12546172676639,344.8524935843893
07/06/2024,4004.1119920702918,5969.25847635776,49.46719647378548,326.743033875807
08/06/2024,3761.0272416469998,5565.532889574236,50.31918229626826,337.8980502550846
09/06/2024,3664.6647365515696,4961.248051375709,50.07577065379899,322.83883940710797
10/06/2024,3812.061175930311,5762.089596846869,50.415359614278174,320.25259671753844
11/06/2024,4170.772746673101,5991.530252126527,50.1332594981872,331.26252345278544
12/06/2024,4126.534537386141,6191.156041788728,50.33039688732073,330.1924296531553
13/06/2024,3283.7959700714787,5093.857553698846,50.13996359343504,337.1974055305025
14/06/2024,3980.0821918061392,5376.766778154656,50.403867726860824,325.97031370035387
15/06/2024,3543.5315636261726,4626.943165922498,50.15667519080533,302.454603243444
16/06/2024,3974.3768387738724,6095.624072726105,49.97062542606713,323.5083917461742
17/06/2024,3857.1233420414437,5719.763795695494,50.681730416134066,341.90727700715723
18/06/2024,3992.3609266099975,6028.033308733876,50.266711136683966,325.5393588113534
19/06/2024,2937.120580153116,4556.78542211811,50.172123326301325,326.3042489622818
20/06/2024,3728.1380028766653,5744.476390312913,49.6171086750385,344.7956475885891
21/06/2024,3736.5331047019645,5934.646018104942,49.61350771476094,319.32040159111614
22/06/2024,4038.0314228062907,5898.677656344884,50.087814644642556,306.85795172635653
23/06/2024,2765.1956664193685,3999.9901682939662,50.04365635933047,327.5905332071176
24/06/2024,4227.147187060098,6004.942247138195,49.8157632304975,322.73739073126893
25/06/2024,3857.3571618678757,5192.416683877249,50.042294809883614,315.5063052037012
26/06/2024,4102.418120025996,6037.865842383741,50.47658807841308,327.3693231615196
27/06/2024,4148.912860458648,5738.376966001492,50.20862074236509,337.37258470870177
28/06/2024,3279.4137045761827,5169.642360453104,49.65769744707418,329.8606715764828
29/06/2024,3018.3718588464494,4451.96943009079,49.966547351857116,334.60471609029355
30/06/2024,3621.9423330351215,5352.694916897611,49.75851005574423,357.2011154777313
01/07/2024,3979.521716830951,5597.107350619914,49.883690025077435,324.85681707663656
02/07/2024,4117.612289832189,5417.1175751749915,49.87591530031111,334.17522951967004
03/07/2024,3835.7180736481146,5022.961536112594,49.856706325218795,322.36179956101296
04/07/2024,3837.9588637118886,5476.76938347251,49.62345938840798,317.3046042016954
05/07/2024,3702.6435746653965,4907.371283220282,49.96170359554454,321.22638519873345
06/07/2024,500,741.0270433310209,48.935014594340224,288.7796529300222
07/07/2024,3247.717231738807,5080.377764594243,49.121165392999316,335.3921369632069
08/07/2024,2852.409668077411,4463.662996118674,50.6158916073505,365.23613680051136
09/07/2024,2728.2618212951284,4086.1548969727346,50.326630896265,319.2593484558624
10/07/2024,3819.1640227306034,5206.931932914858,49.8871097825225,323.7506204157681
11/07/2024,3694.3582182348287,5759.131514577657,50.00564571492218,329.05315480333127
12/07/2024,3772.9678412731832,5907.818804395142,49.648503695804735,335.9369827306462
13/07/2024,3633.225144664657,4937.538712955915,50.50871686334326,333.95326217932177
14/07/2024,3267.353439794747,4970.388969114331,50.569186608431934,349.26143690922174
15/07/2024,4355.865920756136,6037.0379186236,50.047008118473954,293.6041189419719
16/07/2024,4138.41226788988,6376.432902860143,50.307059193255604,294.1960519470649
17/07/2024,3812.2850559307326,6096.497115613029,50.05258603368018,322.56182741984776
18/07/2024,3982.0499251149863,5212.534418331506,49.59898236833722,346.4595028131556
19/07/2024,3573.54285169048,5607.638319712091,49.876452989310906,306.51527952591607
20/07/2024,2658.0162445349483,3951.909739690042,50.039578390031586,284.88551490459366
21/07/2024,3588.875261642305,5713.542480744963,49.863635684376966,338.56769109328815
22/07/2024,3528.199767651483,5078.853639454669,49.93440401676949,333.65485835554074
23/07/2024,3855.641548882276,5992.501247486667,49.97258013274727,313.64687389800855
24/07/2024,3843.1250800210646,5067.9990669897625,49.97573645064036,315.21690598918605
25/07/2024,4039.2511062617255,5657.3093203207845,50.015677547149245,315.45384420547987
26/07/2024,3682.9148427466257,4861.83415604864,49.68181848008102,331.6580297621091
27/07/2024,3597.432467137428,5729.281523771806,49.784895155261616,320.6052708572549
28/07/2024,3919.2049329863344,6055.532863132506,49.61462472029001,337.4109587846328
29/07/2024,3423.207159365396,5325.703238007329,50.29334466490586,287.1806000564341
30/07/2024,3936.3978077906636,6224.978434367936,49.368305917447906,317.14722202308303
31/07/2024,3957.209403950768,5245.403919810661,50.346077102995075,313.10919058633425
01/08/2024,3372.115317175539,4773.833776722268,50.415904819178856,326.15488982441263
02/08/2024,3810.4326305367545,5034.7645174337285,49.90934582390521,321.9292836226479
03/08/2024,3673.397325502012,5007.71456779306,49.21905887365181,341.9676566984365
04/08/2024,3230.86454586349,4422.438836742172,49.89160683140981,302.10994842509916
05/08/2024,500,720.3660816571369,49.04542795021171,284.00249006569624
06/08/2024,2635.868083167206,3638.9968417785467,49.69682053402133,338.3750463481756
07/08/2024,2441.2541945639277,3247.5844209815014,49.845434481857524,357.8497115484293
08/08/2024,,,50.459058559659006,322.7735104335979
09/08/2024,3456.2073628647217,4645.774037859775,50.199478148690524,334.8668790652878
10/08/2024,3402.483723741642,5416.492230918304,49.72263076568657,302.9420581115645
11/08/2024,3597.9980827285676,5496.9774027839885,49.52072024912137,294.1206569353046
12/08/2024,3626.771323998306,5767.7575804108665,49.90189480471707,342.6716156367255
13/08/2024,3836.8456037742135,5494.064190644298,49.93596296619487,329.9165955952789
14/08/2024,3641.483432233147,5038.03072611223,50.14885975620899,347.67769034697636
15/08/2024,3698.3454745717186,5693.55832692723,49.8394049862297,309.39895666545374
16/08/2024,,,50.15344987260856,337.7985320929313
17/08/2024,3749.450740323795,5211.04292607498,50.58054621201807,358.0322676081578
18/08/2024,3553.102056742828,4866.86792950128,50.24465030673328,336.29558412535897
19/08/2024,3714.3577895911935,4973.167363342576,49.98557344780077,334.1487225838657
20/08/2024,3597.5631077399794,4953.624654105569,49.94505485868401,330.1283412123652
21/08/2024,3619.3860921385376,5091.013726546665,49.89299805974604,306.4367781431113
22/08/2024,3649.6931472490382,5482.562704250254,50.35419227373564,350.3335940356552
23/08/2024,3640.696456690514,4801.239273512196,49.81180596621461,320.837135402924
24/08/2024,3011.6374724287452,4105.319890468102,50.01356681269999,337.56724884574527
25/08/2024,3802.114186426213,5865.548520326225,50.015359370564326,306.5544854014312
26/08/2024,4013.0299197933145,5393.819518295887,49.84946474215654,312.3081050323833
27/08/2024,3850.061003745251,5400.840719893508,49.58826033563477,351.52631098833353
28/08/2024,4058.157230238591,6328.280955938844,50.0968923510853,324.7904656656324
29/08/2024,3394.5300875851935,4570.658702862226,49.98169880844338,351.79913214063816
30/08/2024,3215.9304818594674,4260.532399908448,50.15007214083097,328.8265401141222
31/08/2024,2510.245955193006,3628.2126044369857,49.83991990806825,302.37153340563214
01/09/2024,3903.9983365480452,5429.391418203782,50.36624638964391,343.3810139959758
02/09/2024,6296.524579930827,9249.73633856344,49.736967865636444,321.1516152336659
03/09/2024,3733.91053530839,5754.484360573504,50.51361208520537,340.4803322027557
04/09/2024,3716.9820331577075,4985.010183006566,49.475709047051524,330.37816301310124
05/09/2024,3302.9224780163927,4869.200439222678,50.130431019367066,306.8532265808569
06/09/2024,3933.2914639034434,5709.772890725436,50.14262920475799,332.46442148055854
07/09/2024,3200.882746910275,4299.501361086986,49.76133287961773,362.943347132292
08/09/2024,3607.0574956877135,5364.414268751557,50.127318181358305,337.3947968777169
09/09/2024,3845.128676057727,5314.322064168507,50.38385560092805,329.13723370491806
10/09/2024,3822.746492299687,5529.030519000853,49.33495434819378,346.13015102935344
11/09/2024,3687.8529405145473,4885.23129257135,50.150823442247244,333.1600269780467
12/09/2024,3352.5880466423914,4820.60326562765,49.25201875390098,333.14301345394193
13/09/2024,3521.6762130080533,4901.958608579176,49.71030055894304,313.62562241761344
14/09/2024,3830.6929140203883,5924.987751719877,50.488749909470286,333.50772038684397
15/09/2024,3039.78220132267,4003.6777377736585,49.825465389982384,345.53165124625417
16/09/2024,2828.3642541388213,4032.0656862509077,49.64783601067731,317.4590677184996
17/09/2024,3396.1124550922686,4882.011592409488,49.94061868130459,351.3674373187042
18/09/2024,3431.344732996083,5207.071887284649,50.62037190144907,328.62440963782313
19/09/2024,3472.3143037831746,5112.240683359335,49.45049532583819,316.6834573269219
20/09/2024,3425.918240995376,5139.4381882772,49.684607026508196,344.96448115380366
21/09/2024,3661.1216020882634,5612.919660390812,50.44922950495389,325.69808646392596
22/09/2024,3219.698317535278,5018.417851894217,50.55731070306132,341.3927233122916
23/09/2024,3980.0971424067525,5548.90277540176,49.96897063271292,325.62362051612195
24/09/2024,3157.2671148503846,4614.051667711987,49.62828418924201,329.10260784705144
25/09/2024,3534.3254384794477,5485.387675833207,50.62875305054275,337.4034030650144
26/09/2024,3286.101633280114,5247.363216518686,50.47833271752476,334.3634558638501
27/09/2024,3075.4691250605056,4818.816615756714,50.20368409632867,300.06702329322394
28/09/2024,3599.202329061737,5080.058778822612,49.75627929531878,313.18134389858415
29/09/2024,3192.032866961082,4336.536108297084,49.98529119774859,343.94114977186223
30/09/2024,3409.718503729676,4933.241291963318,49.95189197568655,328.0179511664768
01/10/2024,3260.823531498657,4964.579160372792,50.09925539138467,322.1440304584287
02/10/2024,3099.493475793341,4487.355904884574,50.4353004314394,309.6213897711379
03/10/2024,3817.7138641060037,5516.421907560795,50.26382511234122,313.80395518086226
04/10/2024,3350.5310946355276,5198.245550117387,49.676787176904575,299.6730204005708
05/10/2024,2286.4003250039095,3220.2145378801392,50.412948935005865,328.480789219477
06/10/2024,3499.1989760098827,5451.536462516746,50.093939642003946,321.02343629128427
07/10/2024,3152.5835543352646,4483.104458227354,50.20611973875768,315.5011816352203
08/10/2024,2610.4908668582502,3650.6929842878726,50.439962257783584,328.9781486224807
09/10/2024,3602.7232910926655,5174.220286520539,49.66652592514593,335.45955946279105
10/10/2024,3437.4572072217607,5254.95800735466,49.98925232638806,361.39796898314916
11/10/2024,3542.0435027536178,4738.547952818535,49.840563634592236,307.3217487065518
12/10/2024,3801.9601719757343,5166.581634295289,49.52964217239036,347.39071564950785
13/10/2024,3775.24617469072,5985.401558652097,50.10401299328148,344.5965234152261
14/10/2024,500,676.3237441072037,49.191643401973316,303.85034610785414
15/10/2024,500,735.1590976896582,48.66335444974315,283.1293926205565
16/10/2024,1734.9360414681973,2556.938918175373,49.99031581668516,323.1355012599358
17/10/2024,1902.8500660218199,2753.209667809828,50.19216288052243,332.78532870628106
18/10/2024,2299.4474151920563,3434.0489783388707,50.03692346049685,352.6369652010683
19/10/2024,500,684.4740088696428,48.64551548278736,306.3138268569551
20/10/2024,2585.130779119443,3789.281284521563,49.610235090966256,337.6291255985016
21/10/2024,6319.327428871101,8920.69105558462,50.06983602288205,323.54536020068036
22/10/2024,2994.5642567680675,4487.3550714662615,49.77297080689522,307.73915002613495
23/10/2024,3515.2564867238752,4718.764525817216,49.34302348850643,326.8729768418939
24/10/2024,2805.560218723956,4127.717575476961,50.35837766615412,348.09912232295875
25/10/2024,3307.5497912574983,4483.652006217043,50.28751574595261,307.0924821511553
26/10/2024,2527.5712163434637,3497.129637035505,50.01549829305532,314.1736594773496
27/10/2024,3587.0132229988703,4898.471673626573,50.06872240646171,331.89401604351104
28/10/2024,3029.923605955018,4105.096039327004,50.32229540381467,315.23017822729105
29/10/2024,4016.33807950601,6216.139804583288,50.067301897033424,318.1121482932718
30/10/2024,2361.564164660268,3272.448440066411,50.271205266428396,323.6460212740773
31/10/2024,3726.4065606322306,5880.780571799255,49.91075533973785,309.5157389371478
01/11/2024,3678.2253765182804,5851.97549713863,50.39359512157218,315.3881723067545
02/11/2024,3045.4308708131857,4480.980413183647,50.096235717779805,340.55141875180965
03/11/2024,3511.0577814113917,4715.000677180628,50.05821558308176,310.38945326653555
04/11/2024,3033.978003400789,4285.0827439088425,49.61898167338639,306.03191798257745
05/11/2024,612.8004680471752,943.2958197681631,49.02818926175635,294.01782988022507
06/11/2024,2285.5850371007623,3223.171373914862,49.750413524751664,340.9793325376477
07/11/2024,1649.8185446807163,2187.8328942236726,49.808515182041454,327.04617288004664
08/11/2024,2526.4701423417882,3706.4213209942745,49.75538731150516,323.0312838282657
09/11/2024,3664.2653516229752,5692.569073331176,49.680129520430235,330.6653819627341
10/11/2024,3851.431776413113,5926.4981630760985,50.63743142090509,303.8143885071052
11/11/2024,3861.5146529092585,5222.841220285089,50.39940171859652,337.42058480662547
12/11/2024,3523.186521343354,5291.225044206789,50.576110250643275,335.75152547105466
13/11/2024,3565.8547705855017,4871.497055673086,49.63313149413333,323.8603728885642
14/11/2024,3641.452564546705,4972.266049800243,50.021376124973266,345.0888676769462
15/11/2024,330.11805360921244,515.7175314474543,49.61194771243877,313.0875585157044
16/11/2024,3640.1449997953514,5004.837856710405,49.79129153684088,346.91863489880353
17/11/2024,3569.928679242376,4922.83955863582,49.724561904975026,332.3174049839288
18/11/2024,3663.539119046019,4763.3189715440385,50.37187520193247,324.9517111518274
19/11/2024,3912.954493625426,6108.90733457564,49.88113109656947,329.70189546947535
20/11/2024,3781.8121082790126,5815.589139228751,50.3205138001082,328.3910285128359
21/11/2024,3494.0123239206723,5199.7845302045325,50.18123626687655,348.30424344626573
22/11/2024,3720.382612327015,5673.880106859814,50.69109162563144,313.8498130879348
23/11/2024,3304.7914688834917,4446.975552092665,49.556166733058085,318.56221141280105
24/11/2024,3484.3233503882025,5008.704636301267,50.37776997193604,345.5445433810872
25/11/2024,3881.3809193249995,5454.760063688272,50.343932261120216,321.0669759722421
26/11/2024,3733.4974542689224,4958.581017164825,49.70798634859189,343.50799615997386
27/11/2024,3783.2087083520832,5469.911246375866,50.30214000094195,355.49153974513064
28/11/2024,3341.375364174639,5266.749008769127,50.10084348890787,323.9730745958755
29/11/2024,3699.0757813797854,4853.253030924871,49.93175712201398,340.2204348986296
30/11/2024,3510.1298685554225,4870.088526513353,49.7528193539084,312.6946157799021
01/12/2024,2956.503344859664,4027.532989943804,49.78426716456524,341.32099947101716
02/12/2024,3999.346826461747,5484.880193471387,50.61494362873578,332.9913597898015
03/12/2024,,,50.00020484568724,337.09557423240324
04/12/2024,3463.7160196207583,4989.20831,50.23463900045944,320.3164189194691
05/12/2024,3308.00550200494,4763.163459682401,49.762730185499734,305.0837487664924
06/12/2024,2642.111305725115,4037.602348579723,49.76604411613351,337.5487809712426
07/12/2024,3319.3436953002556,4468.99062089137,50.324595442774985,299.04895271280816
08/12/2024,2905.6131479897113,4202.0384782165165,49.59512713653454,325.239742616362
09/12/2024,3194.9291123745043,4565.539529632643,49.87543586962842,344.11772799629955
10/12/2024,4190.9344731474375,6198.698892212336,50.01020822332167,332.87846603809555
11/12/2024,516.5545514901784,826.4187412645568,48.60671181910235,299.48668020270884
12/12/2024,2224.426772151337,3405.229619736241,49.94627201449515,345.3766372887266
13/12/2024,491.7379176351985,697.9529886158343,50.11874593432878,320.19152417511634
14/12/2024,2761.08334909859,4274.891239767044,50.20785672674534,330.4097006977716
15/12/2024,3719.6527355424646,5026.0413053777775,50.2203912636378,329.28943946183347
16/12/2024,4069.5482883208483,5327.6048075594745,49.70425885739965,306.2673485498081
17/12/2024,3905.154119634609,5316.221076719426,49.91475347062136,315.8940162527347
18/12/2024,3318.161915808101,4652.472688910324,50.35842885856308,321.5885863953021
19/12/2024,3607.2389891947714,5241.9467305854205,50.26839415627216,299.45669245716095
20/12/2024,3591.9310727358134,5332.360836653121,49.588142164555684,330.71240202377464
21/12/2024,2664.8394522878984,4192.276700187841,50.10544397010566,326.26392233020437
22/12/2024,3416.605182118696,4964.177692100532,49.40653242518756,304.90659148032637
23/12/2024,3610.837567958909,5237.096317201803,50.01408047061811,336.06319297915996
24/12/2024,4062.6652086003683,5342.700929575438,50.569330105023795,340.7380911703644
25/12/2024,3871.6128104918753,5073.645857988838,49.715632184819306,333.4055171829733
26/12/2024,3675.0710582680063,5385.257983102895,49.749703086352525,325.13897737186545
27/12/2024,3638.998652567028,5209.057663295461,50.229208934471856,338.8716322762778
28/12/2024,3191.670739284597,4952.688214561949,49.537159545437106,340.20330540715037
29/12/2024,3682.8174708622496,4965.188786657227,49.81017349103449,334.6110535457953
30/12/2024,3756.9977156484592,4912.242573601908,50.178932341274525,317.6308162434786
31/12/2024,3985.408237846807,5717.911550647241,49.80971424569318,334.14901148266773
